country_name,region,fdi_USA_2017 (million),fdi_USA_2018 (million),fdi_USA_2019 (million)
Afghanistan,Asia,,1,0
Albania,Europe ,0,0,0
Algeria,Africa,8,,0
Andorra,Europe ,0,0,0
Angola,Africa,222,,
Anguilla,Latin America,,,
Antigua and Barbuda,Latin America,3,3,3
Argentina,Latin America,1028,822,561
Armenia,Europe ,3,3,3
Aruba,Latin America,8,6,
Australia,Australia,62048,63070,80974
Austria,Europe ,13160,12392,13964
Azerbaijan,Europe ,-7,-2,-2
"Bahamas, The",Latin America,513,646,1089
Bahrain,Asia,57,,-13
Bangladesh,Asia,12,12,12
Barbados,Latin America,9053,7476,9077
Belarus,Europe ,4,4,4
Belgium,Europe ,76009,64661,65918
Belize,Latin America,12,12,12
Benin,Africa,0,0,0
Bermuda,Latin America,-3280,28018,56279
Bhutan,Asia,0,0,0
Bolivia,Latin America,1,,-2
Bosnia and Herzegovina,Europe ,0,0,0
Botswana,Africa,0,0,0
Brazil,Latin America,977,2514,4617
Brunei Darussalam,Asia,-3,,
Bulgaria,Europe ,30,,
Burkina Faso,Africa,-1,-1,0
Myanmar,Asia,5,3,-1
Burundi,Africa,0,0,0
Cabo Verde,Africa,-2,-2,-2
Cambodia,Asia,5,4,4
Cameroon,Africa,0,0,0
Canada,Canada,395495,442802,495720
Central African Republic,Africa,0,0,0
Chad,Africa,2,1,0
Chile,Latin America,1861,2573,2851
China,Asia,31306,33543,37685
Colombia,Latin America,-26,140,174
Comoros,Africa,0,0,0
"Congo, Rep.",Africa,-4,,-4
"Congo, Dem. Rep.",Africa,0,,0
Costa Rica,Latin America,-137,-211,-199
Cote d'Ivoire,Africa,0,0,0
Croatia,Europe ,20,19,
Cuba,Latin America,0,0,0
Curacao ,Latin America,1312,1335,1182
Cyprus,Europe ,,323,120
Czech Republic,Europe ,,,
Denmark,Europe ,18617,20654,23870
Djibouti,Africa,0,0,0
Dominica,Latin America,0,0,0
Dominican Republic,Latin America,223,107,151
Ecuador,Latin America,27,30,48
"Egypt, Arab Rep.",Africa,-21,-43,1
El Salvador,Latin America,-7,16,26
Equatorial Guinea,Africa,,-3,-2
Eritrea,Africa,0,0,0
Estonia,Europe ,,,-4
Eswatini,Africa,0,0,0
Ethiopia,Africa,4,,
Fiji,Asia,0,,0
Finland,Europe ,6928,14464,14826
France,Europe ,266570,268169,282226
Gabon,Africa,,0,0
"Gambia, The",Africa,0,0,0
Georgia,Europe ,0,0,0
Germany,Europe ,298754,328124,372879
Ghana,Africa,-3,-4,-1
Gibraltar,Europe ,7912,9367,9714
Greece,Europe ,850,639,
Greenland,Europe ,2,,2
Grenada,Latin America,,8,8
Guatemala,Latin America,0,-9,9
Guinea,Africa,,,
Guinea-Bissau,Africa,0,0,0
Guyana,Latin America,0,,1
Haiti,Latin America,-1,-1,-1
Honduras,Latin America,-52,-80,-84
"Hong Kong SAR, China",Asia,13330,13159,14110
Hungary,Europe ,21932,31730,52360
Iceland,Europe ,,,
India,Asia,5669,5127,5009
Indonesia,Asia,318,344,399
"Iran, Islamic Rep.",Asia,,,
Iraq,Asia,,-2,0
Ireland,Europe ,157846,265004,225517
Israel,Asia,12061,13982,14566
Italy,Europe ,29450,30749,32811
Jamaica,Latin America,-2,46,52
Japan,Asia,475864,493763,619259
Jordan,Asia,-21,-218,
Kazakhstan,Europe ,0,0,0
Kenya,Africa,,-5,-16
Kiribati,Asia,0,0,0
Kosovo,Europe ,0,0,0
Kuwait,Asia,1123,1276,1256
Kyrgyz Republic,Europe ,0,0,0
Lao PDR,Asia,0,0,0
Latvia,Europe ,0,,
Lebanon,Asia,19,19,16
Lesotho,Africa,0,0,0
Liberia,Africa,457,466,461
Libya,Africa,,1,0
Liechtenstein,Europe ,,,
Lithuania,Europe ,,-4,
Luxembourg,Europe ,382605,312976,297052
"Macao SAR, China",Asia,19,,
Madagascar,Africa,-1,0,0
Malawi,Africa,0,0,0
Malaysia,Asia,1037,1218,981
Maldives,Asia,0,0,0
Mali,Africa,-2,-1,-1
Malta,Europe ,1576,1557,2040
Marshall Islands,Asia,10,,
Mauritania,Africa,0,0,0
Mauritius,Africa,373,487,4682
Mexico,Latin America,20693,21050,21526
"Micronesia, Fed. Sts.",Asia,1,1,1
Moldova,Europe ,0,0,0
Monaco,Europe ,-27,-26,2
Mongolia,Asia,,-1,0
Montenegro,Europe ,0,0,0
Morocco,Africa,,-22,-21
Mozambique,Africa,1,-1,0
Namibia,Africa,0,2,0
Nauru,Asia,0,0,0
Nepal,Asia,1,-1,
Netherlands,Europe ,348836,462303,487079
New Zealand,New Zealand,1029,2107,2550
Nicaragua,Latin America,7,-8,-17
Niger,Africa,0,0,0
Nigeria,Africa,51,81,105
"Korea, Dem. People’s Rep.",Asia,0,0,0
North Macedonia,Europe ,0,-1,-1
Norway,Europe ,22800,26007,24221
Oman,Asia,-9,15,-3
Pakistan,Asia,225,167,154
Palau,Asia,0,0,0
Panama,Latin America,2466,2789,2965
Papua New Guinea,Asia,1,1,2
Paraguay,Latin America,,-9,
Peru,Latin America,177,195,209
Philippines,Asia,697,361,474
Poland,Europe ,,,
Portugal,Europe ,1101,1056,1100
Qatar,Asia,2452,,
Romania,Europe ,,3,-38
Russian Federation,Europe ,4355,4455,4371
Rwanda,Africa,0,0,0
Samoa,Asia,,,
San Marino,Europe ,0,0,0
Sao Tome and Principe,Africa,0,0,0
Saudi Arabia,Asia,6116,6912,6220
Senegal,Africa,,1,
Serbia,Europe ,7,3,-5
Seychelles,Africa,0,0,0
Sierra Leone,Africa,0,0,0
Singapore,Asia,18185,18267,21060
Sint Maarten (Dutch part),Latin America,0,0,0
Slovak Republic,Europe ,10,14,-10
Slovenia,Europe ,8,6,5
Solomon Islands,Asia,0,0,0
Somalia,Africa,0,0,0
South Africa,Africa,3976,4013,4061
"Korea, Rep.",Asia,54183,56612,61822
South Sudan,Africa,0,0,0
Spain,Europe ,77816,83379,86796
Sri Lanka,Asia,47,66,67
St. Kitts and Nevis,Latin America,-11,,
St. Lucia,Latin America,,7,7
St. Martin (French part),Latin America,0,0,0
St. Vincent and the Grenadines,Latin America,2,-1,-1
Sudan ,Africa,0,0,0
Suriname,Latin America,,-7,
Sweden,Europe ,51286,49546,52683
Switzerland,Europe ,274721,295783,300393
Syrian Arab Republic,Asia,0,0,0
Taiwan,Asia,7820,10512,11099
Tajikistan,Europe ,0,0,0
Tanzania,Africa,0,1,1
Thailand,Asia,2418,2136,1904
Timor-Leste,Asia,0,0,0
Togo,Africa,0,0,0
Tonga,Asia,0,0,0
Trinidad and Tobago,Latin America,142,165,69
Tunisia,Africa,-14,1,1
Turkey,Europe ,1919,2175,2340
Turkmenistan,Europe ,0,0,0
Tuvalu,Asia,0,0,0
Uganda,Africa,0,0,0
Ukraine,Europe ,11,-3,0
United Arab Emirates,Asia,4871,5530,5099
United Kingdom,Europe ,487570,496622,505088
Uruguay,Latin America,84,538,686
Uzbekistan,Europe ,0,0,0
Vanuatu,Asia,,5,
Vatican City,Europe ,0,0,0
"Venezuela, RB",Latin America,1603,1673,1705
Vietnam,Asia,94,59,57
Western Sahara,Africa,0,0,0
"Yemen, Rep.",Asia,0,0,0
Zambia,Africa,-5,-6,-1
Zimbabwe,Africa,0,-3,0
